horodatage,run_id,etat,couleur,prix,type,version
2026-09-29T01:18+02:00,36497280683,Parfait état,naturel,905.95,vérifié,ancienne
2026-09-29T01:18+02:00,36497280683,Très bon état,sable,834.99,vérifié,ancienne
2026-09-29T01:18+02:00,36497280683,État correct,blanc,800.00,fiche,ancienne
2026-09-29T01:18+02:00,36497280683,État correct,naturel,789.00,fiche,ancienne
2026-09-29T01:18+02:00,36497280683,État correct,noir,831.00,fiche,ancienne
2026-09-29T01:18+02:00,36497280683,État correct,sable,822.00,fiche,ancienne
2026-09-29T01:20+02:00,36497511444,Parfait état,naturel,905.95,vérifié,ancienne
2026-09-29T01:20+02:00,36497511444,Très bon état,sable,834.99,vérifié,ancienne
2026-09-29T01:20+02:00,36497511444,État correct,blanc,800.00,fiche,ancienne
2026-09-29T01:20+02:00,36497511444,État correct,naturel,789.00,fiche,ancienne
2026-09-29T01:20+02:00,36497511444,État correct,noir,831.00,fiche,ancienne
2026-09-29T01:20+02:00,36497511444,État correct,sable,822.00,fiche,ancienne
2026-09-29T01:47+02:00,36499809194,Parfait état,naturel,905.95,vérifié,ancienne
2026-09-29T01:47+02:00,36499809194,Très bon état,sable,834.99,vérifié,ancienne
2026-09-29T01:47+02:00,36499809194,État correct,blanc,800.00,fiche,ancienne
2026-09-29T01:47+02:00,36499809194,État correct,naturel,789.00,fiche,ancienne
2026-09-29T01:47+02:00,36499809194,État correct,noir,831.00,fiche,ancienne
2026-09-29T01:47+02:00,36499809194,État correct,sable,822.00,fiche,ancienne
2026-09-29T02:28+02:00,36503303685,Parfait état,naturel,905.95,vérifié,ancienne
2026-09-29T02:28+02:00,36503303685,Très bon état,sable,834.99,vérifié,ancienne
2026-09-29T02:28+02:00,36503303685,État correct,blanc,800.00,fiche,ancienne
2026-09-29T02:28+02:00,36503303685,État correct,naturel,789.00,fiche,ancienne
2026-09-29T02:28+02:00,36503303685,État correct,noir,838.00,fiche,ancienne
2026-09-29T02:28+02:00,36503303685,État correct,sable,822.00,fiche,ancienne
2026-09-29T02:53+02:00,36505280811,Parfait état,naturel,905.95,vérifié,ancienne
2026-09-29T02:53+02:00,36505280811,Très bon état,sable,834.99,vérifié,ancienne
2026-09-29T02:53+02:00,36505280811,État correct,blanc,800.00,fiche,ancienne
2026-09-29T02:53+02:00,36505280811,État correct,naturel,789.00,fiche,ancienne
2026-09-29T02:53+02:00,36505280811,État correct,noir,831.00,fiche,ancienne
2026-09-29T02:53+02:00,36505280811,État correct,sable,822.00,fiche,ancienne
2026-09-29T03:20+02:00,36507466436,Parfait état,naturel,905.95,vérifié,ancienne
2026-09-29T03:20+02:00,36507466436,Très bon état,sable,834.99,vérifié,ancienne
2026-09-29T03:20+02:00,36507466436,État correct,blanc,800.00,fiche,ancienne
2026-09-29T03:20+02:00,36507466436,État correct,naturel,789.00,fiche,ancienne
2026-09-29T03:20+02:00,36507466436,État correct,noir,831.00,fiche,ancienne
2026-09-29T03:20+02:00,36507466436,État correct,sable,822.00,fiche,ancienne
2026-09-29T04:20+02:00,36512130858,Parfait état,naturel,905.95,vérifié,ancienne
2026-09-29T04:20+02:00,36512130858,Très bon état,sable,834.99,vérifié,ancienne
2026-09-29T04:20+02:00,36512130858,État correct,blanc,800.00,fiche,ancienne
2026-09-29T04:20+02:00,36512130858,État correct,naturel,789.00,fiche,ancienne
2026-09-29T04:20+02:00,36512130858,État correct,noir,831.00,fiche,ancienne
2026-09-29T04:20+02:00,36512130858,État correct,sable,822.00,fiche,ancienne
2026-09-29T04:47+02:00,36514259580,Parfait état,naturel,905.95,vérifié,ancienne
2026-09-29T04:47+02:00,36514259580,Très bon état,sable,834.99,vérifié,ancienne
2026-09-29T04:47+02:00,36514259580,État correct,blanc,800.00,fiche,ancienne
2026-09-29T04:47+02:00,36514259580,État correct,naturel,789.00,fiche,ancienne
2026-09-29T04:47+02:00,36514259580,État correct,noir,831.00,fiche,ancienne
2026-09-29T04:47+02:00,36514259580,État correct,sable,822.00,fiche,ancienne
2026-09-29T05:22+02:00,36516875960,Parfait état,naturel,905.95,vérifié,ancienne
2026-09-29T05:22+02:00,36516875960,Très bon état,sable,834.99,vérifié,ancienne
2026-09-29T05:22+02:00,36516875960,État correct,blanc,800.00,fiche,ancienne
2026-09-29T05:22+02:00,36516875960,État correct,naturel,789.00,fiche,ancienne
2026-09-29T05:22+02:00,36516875960,État correct,noir,831.00,fiche,ancienne
2026-09-29T05:22+02:00,36516875960,État correct,sable,822.00,fiche,ancienne
2026-09-29T05:49+02:00,36518862637,Parfait état,naturel,876.00,vérifié,ancienne
2026-09-29T05:49+02:00,36518862637,Très bon état,sable,834.99,vérifié,ancienne
2026-09-29T05:49+02:00,36518862637,État correct,blanc,800.00,fiche,ancienne
2026-09-29T05:49+02:00,36518862637,État correct,naturel,789.00,fiche,ancienne
2026-09-29T05:49+02:00,36518862637,État correct,noir,775.00,fiche,ancienne
2026-09-29T05:49+02:00,36518862637,État correct,sable,822.00,fiche,ancienne
2026-09-29T06:22+02:00,36521355596,Parfait état,naturel,876.00,vérifié,ancienne
2026-09-29T06:22+02:00,36521355596,Très bon état,sable,834.99,vérifié,ancienne
2026-09-29T06:22+02:00,36521355596,État correct,blanc,800.00,fiche,ancienne
2026-09-29T06:22+02:00,36521355596,État correct,naturel,789.00,fiche,ancienne
2026-09-29T06:22+02:00,36521355596,État correct,noir,775.00,fiche,ancienne
2026-09-29T06:22+02:00,36521355596,État correct,sable,822.00,fiche,ancienne
2026-09-29T06:49+02:00,36523329026,Parfait état,naturel,876.00,vérifié,ancienne
2026-09-29T06:49+02:00,36523329026,Très bon état,sable,834.99,vérifié,ancienne
2026-09-29T06:49+02:00,36523329026,État correct,blanc,800.00,fiche,ancienne
2026-09-29T06:49+02:00,36523329026,État correct,naturel,789.00,fiche,ancienne
2026-09-29T06:49+02:00,36523329026,État correct,noir,775.00,fiche,ancienne
2026-09-29T06:49+02:00,36523329026,État correct,sable,822.00,fiche,ancienne
2026-09-29T07:22+02:00,36525832772,Parfait état,naturel,876.00,vérifié,ancienne
2026-09-29T07:22+02:00,36525832772,Très bon état,sable,834.99,vérifié,ancienne
2026-09-29T07:22+02:00,36525832772,État correct,blanc,800.00,fiche,ancienne
2026-09-29T07:22+02:00,36525832772,État correct,naturel,789.00,fiche,ancienne
2026-09-29T07:22+02:00,36525832772,État correct,noir,775.00,fiche,ancienne
2026-09-29T07:22+02:00,36525832772,État correct,sable,822.00,fiche,ancienne
2026-09-29T07:49+02:00,36527968160,Parfait état,naturel,876.00,vérifié,ancienne
2026-09-29T07:49+02:00,36527968160,Très bon état,sable,834.99,vérifié,ancienne
2026-09-29T07:49+02:00,36527968160,État correct,blanc,800.00,fiche,ancienne
2026-09-29T07:49+02:00,36527968160,État correct,naturel,789.00,fiche,ancienne
2026-09-29T07:49+02:00,36527968160,État correct,noir,775.00,fiche,ancienne
2026-09-29T07:49+02:00,36527968160,État correct,sable,822.00,fiche,ancienne
2026-09-29T08:27+02:00,36531191865,Parfait état,naturel,871.00,vérifié,ancienne
2026-09-29T08:27+02:00,36531191865,Très bon état,sable,829.99,vérifié,ancienne
2026-09-29T08:27+02:00,36531191865,État correct,blanc,791.00,fiche,ancienne
2026-09-29T08:27+02:00,36531191865,État correct,naturel,780.00,fiche,ancienne
2026-09-29T08:27+02:00,36531191865,État correct,noir,768.00,fiche,ancienne
2026-09-29T08:27+02:00,36531191865,État correct,sable,809.00,fiche,ancienne
2026-09-29T08:54+02:00,36533541387,Parfait état,naturel,871.00,vérifié,ancienne
2026-09-29T08:54+02:00,36533541387,Très bon état,sable,829.99,vérifié,ancienne
2026-09-29T08:54+02:00,36533541387,État correct,blanc,791.00,fiche,ancienne
2026-09-29T08:54+02:00,36533541387,État correct,naturel,780.00,fiche,ancienne
2026-09-29T08:54+02:00,36533541387,État correct,noir,768.00,fiche,ancienne
2026-09-29T08:54+02:00,36533541387,État correct,sable,809.00,fiche,ancienne
2026-09-29T09:24+02:00,36536395699,Parfait état,naturel,871.00,vérifié,ancienne
2026-09-29T09:24+02:00,36536395699,Très bon état,sable,829.99,vérifié,ancienne
2026-09-29T09:24+02:00,36536395699,État correct,blanc,791.00,fiche,ancienne
2026-09-29T09:24+02:00,36536395699,État correct,naturel,780.00,fiche,ancienne
2026-09-29T09:24+02:00,36536395699,État correct,noir,768.00,fiche,ancienne
2026-09-29T09:24+02:00,36536395699,État correct,sable,809.00,fiche,ancienne
2026-09-29T09:50+02:00,36538996263,Parfait état,naturel,871.00,vérifié,ancienne
2026-09-29T09:50+02:00,36538996263,Très bon état,sable,829.99,vérifié,ancienne
2026-09-29T09:50+02:00,36538996263,État correct,blanc,791.00,fiche,ancienne
2026-09-29T09:50+02:00,36538996263,État correct,naturel,780.00,fiche,ancienne
2026-09-29T09:50+02:00,36538996263,État correct,noir,824.00,fiche,ancienne
2026-09-29T09:50+02:00,36538996263,État correct,sable,809.00,fiche,ancienne
2026-09-29T10:25+02:00,36542597631,Parfait état,naturel,880.00,vérifié,ancienne
2026-09-29T10:25+02:00,36542597631,Très bon état,sable,840.99,vérifié,ancienne
2026-09-29T10:25+02:00,36542597631,État correct,blanc,808.00,fiche,ancienne
2026-09-29T10:25+02:00,36542597631,État correct,naturel,798.00,fiche,ancienne
2026-09-29T10:25+02:00,36542597631,État correct,noir,838.00,fiche,ancienne
2026-09-29T10:25+02:00,36542597631,État correct,sable,835.00,fiche,ancienne
2026-09-29T10:50+02:00,36545304820,Parfait état,naturel,902.00,vérifié,ancienne
2026-09-29T10:50+02:00,36545304820,Très bon état,sable,840.99,vérifié,ancienne
2026-09-29T10:50+02:00,36545304820,État correct,blanc,808.00,fiche,ancienne
2026-09-29T10:50+02:00,36545304820,État correct,naturel,798.00,fiche,ancienne
2026-09-29T10:50+02:00,36545304820,État correct,noir,838.00,fiche,ancienne
2026-09-29T10:50+02:00,36545304820,État correct,sable,835.00,fiche,ancienne
2026-09-29T11:24+02:00,36548975689,Parfait état,naturel,910.00,vérifié,ancienne
2026-09-29T11:24+02:00,36548975689,Très bon état,noir,771.00,fiche,ancienne
2026-09-29T11:24+02:00,36548975689,Très bon état,noir,771.00,vérifié,ancienne
2026-09-29T11:24+02:00,36548975689,État correct,blanc,808.00,fiche,ancienne
2026-09-29T11:24+02:00,36548975689,État correct,naturel,798.00,fiche,ancienne
2026-09-29T11:24+02:00,36548975689,État correct,sable,835.00,fiche,ancienne
2026-09-29T11:51+02:00,36551853194,Parfait état,sable,870.00,vérifié,ancienne
2026-09-29T11:51+02:00,36551853194,Très bon état,noir,771.00,fiche,ancienne
2026-09-29T11:51+02:00,36551853194,Très bon état,noir,771.00,vérifié,ancienne
2026-09-29T11:51+02:00,36551853194,État correct,blanc,808.00,fiche,ancienne
2026-09-29T11:51+02:00,36551853194,État correct,naturel,798.00,fiche,ancienne
2026-09-29T11:51+02:00,36551853194,État correct,sable,835.00,fiche,ancienne
2026-09-29T12:23+02:00,36555282028,Très bon état,noir,757.00,fiche,ancienne
2026-09-29T12:23+02:00,36555282028,Très bon état,noir,757.00,vérifié,ancienne
2026-09-29T12:23+02:00,36555282028,État correct,blanc,800.00,fiche,ancienne
2026-09-29T12:23+02:00,36555282028,État correct,naturel,789.00,fiche,ancienne
2026-09-29T12:23+02:00,36555282028,État correct,sable,822.00,fiche,ancienne
2026-09-29T12:50+02:00,36558049626,Parfait état,sable,865.00,vérifié,ancienne
2026-09-29T12:50+02:00,36558049626,Très bon état,noir,779.00,fiche,ancienne
2026-09-29T12:50+02:00,36558049626,Très bon état,noir,779.00,vérifié,ancienne
2026-09-29T12:50+02:00,36558049626,État correct,blanc,800.00,fiche,ancienne
2026-09-29T12:50+02:00,36558049626,État correct,naturel,789.00,fiche,ancienne
2026-09-29T12:50+02:00,36558049626,État correct,sable,822.00,fiche,ancienne
2026-09-29T13:22+02:00,36561317028,Parfait état,blanc,883.99,vérifié,ancienne
2026-09-29T13:22+02:00,36561317028,Très bon état,noir,779.00,fiche,ancienne
2026-09-29T13:22+02:00,36561317028,Très bon état,noir,779.00,vérifié,ancienne
2026-09-29T13:22+02:00,36561317028,État correct,blanc,800.00,fiche,ancienne
2026-09-29T13:22+02:00,36561317028,État correct,naturel,789.00,fiche,ancienne
2026-09-29T13:22+02:00,36561317028,État correct,sable,822.00,fiche,ancienne
2026-09-29T13:49+02:00,36564175949,Parfait état,blanc,883.99,vérifié,ancienne
2026-09-29T13:49+02:00,36564175949,Très bon état,sable,834.00,vérifié,ancienne
2026-09-29T13:49+02:00,36564175949,État correct,blanc,800.00,fiche,ancienne
2026-09-29T13:49+02:00,36564175949,État correct,naturel,789.00,fiche,ancienne
2026-09-29T13:49+02:00,36564175949,État correct,sable,822.00,fiche,ancienne
2026-09-29T14:29+02:00,36568404955,Parfait état,blanc,879.99,vérifié,ancienne
2026-09-29T14:29+02:00,36568404955,Très bon état,noir,774.00,fiche,ancienne
2026-09-29T14:29+02:00,36568404955,Très bon état,noir,774.00,vérifié,ancienne
2026-09-29T14:29+02:00,36568404955,État correct,blanc,791.00,fiche,ancienne
2026-09-29T14:29+02:00,36568404955,État correct,naturel,780.00,fiche,ancienne
2026-09-29T14:29+02:00,36568404955,État correct,sable,809.00,fiche,ancienne
2026-09-29T14:54+02:00,36571328628,Parfait état,blanc,879.99,vérifié,ancienne
2026-09-29T14:54+02:00,36571328628,Très bon état,sable,829.00,vérifié,ancienne
2026-09-29T14:54+02:00,36571328628,État correct,blanc,791.00,fiche,ancienne
2026-09-29T14:54+02:00,36571328628,État correct,naturel,800.00,fiche,ancienne
2026-09-29T14:54+02:00,36571328628,État correct,noir,824.00,fiche,ancienne
2026-09-29T14:54+02:00,36571328628,État correct,sable,809.00,fiche,ancienne
2026-09-29T15:26+02:00,36575160045,Parfait état,blanc,879.99,vérifié,ancienne
2026-09-29T15:26+02:00,36575160045,Très bon état,naturel,807.00,vérifié,ancienne
2026-09-29T15:26+02:00,36575160045,État correct,blanc,791.00,fiche,ancienne
2026-09-29T15:26+02:00,36575160045,État correct,naturel,800.00,fiche,ancienne
2026-09-29T15:26+02:00,36575160045,État correct,noir,824.00,fiche,ancienne
2026-09-29T15:26+02:00,36575160045,État correct,sable,809.00,fiche,ancienne
2026-09-29T15:51+02:00,36578249331,Parfait état,blanc,879.99,vérifié,ancienne
2026-09-29T15:51+02:00,36578249331,Très bon état,sable,829.00,vérifié,ancienne
2026-09-29T15:51+02:00,36578249331,État correct,blanc,791.00,fiche,ancienne
2026-09-29T15:51+02:00,36578249331,État correct,naturel,800.00,fiche,ancienne
2026-09-29T15:51+02:00,36578249331,État correct,noir,824.00,fiche,ancienne
2026-09-29T15:51+02:00,36578249331,État correct,sable,809.00,fiche,ancienne
2026-09-29T16:24+02:00,36582436105,Parfait état,blanc,883.99,vérifié,ancienne
2026-09-29T16:24+02:00,36582436105,Très bon état,sable,833.00,vérifié,ancienne
2026-09-29T16:24+02:00,36582436105,État correct,blanc,799.00,fiche,ancienne
2026-09-29T16:24+02:00,36582436105,État correct,naturel,808.00,fiche,ancienne
2026-09-29T16:24+02:00,36582436105,État correct,noir,831.00,fiche,ancienne
2026-09-29T16:24+02:00,36582436105,État correct,sable,819.00,fiche,ancienne
2026-09-29T16:51+02:00,36585814071,Parfait état,blanc,883.99,vérifié,ancienne
2026-09-29T16:51+02:00,36585814071,Très bon état,sable,833.00,vérifié,ancienne
2026-09-29T16:51+02:00,36585814071,État correct,blanc,799.00,fiche,ancienne
2026-09-29T16:51+02:00,36585814071,État correct,naturel,808.00,fiche,ancienne
2026-09-29T16:51+02:00,36585814071,État correct,noir,831.00,fiche,ancienne
2026-09-29T16:51+02:00,36585814071,État correct,sable,819.00,fiche,ancienne
2026-09-29T17:25+02:00,36590023665,Parfait état,blanc,883.99,vérifié,ancienne
2026-09-29T17:25+02:00,36590023665,Très bon état,sable,833.00,vérifié,ancienne
2026-09-29T17:25+02:00,36590023665,État correct,blanc,799.00,fiche,ancienne
2026-09-29T17:25+02:00,36590023665,État correct,naturel,808.00,fiche,ancienne
2026-09-29T17:25+02:00,36590023665,État correct,noir,831.00,fiche,ancienne
2026-09-29T17:25+02:00,36590023665,État correct,sable,819.00,fiche,ancienne
2026-09-29T17:51+02:00,36593377258,Parfait état,blanc,883.99,vérifié,ancienne
2026-09-29T17:51+02:00,36593377258,Très bon état,sable,833.00,vérifié,ancienne
2026-09-29T17:51+02:00,36593377258,État correct,blanc,799.00,fiche,ancienne
2026-09-29T17:51+02:00,36593377258,État correct,naturel,808.00,fiche,ancienne
2026-09-29T17:51+02:00,36593377258,État correct,noir,831.00,fiche,ancienne
2026-09-29T17:51+02:00,36593377258,État correct,sable,819.00,fiche,ancienne
2026-09-29T18:25+02:00,36597627805,Parfait état,blanc,879.99,vérifié,ancienne
2026-09-29T18:25+02:00,36597627805,Très bon état,blanc,831.00,vérifié,ancienne
2026-09-29T18:25+02:00,36597627805,État correct,blanc,791.00,fiche,ancienne
2026-09-29T18:25+02:00,36597627805,État correct,naturel,800.00,fiche,ancienne
2026-09-29T18:25+02:00,36597627805,État correct,noir,824.00,fiche,ancienne
2026-09-29T18:25+02:00,36597627805,État correct,sable,809.00,fiche,ancienne
2026-09-29T18:51+02:00,36600809204,Parfait état,blanc,879.99,vérifié,ancienne
2026-09-29T18:51+02:00,36600809204,Très bon état,blanc,831.00,vérifié,ancienne
2026-09-29T18:51+02:00,36600809204,État correct,blanc,791.00,fiche,ancienne
2026-09-29T18:51+02:00,36600809204,État correct,naturel,800.00,fiche,ancienne
2026-09-29T18:51+02:00,36600809204,État correct,noir,824.00,fiche,ancienne
2026-09-29T18:51+02:00,36600809204,État correct,sable,809.00,fiche,ancienne
2026-09-29T19:22+02:00,36604448012,Parfait état,sable,860.00,vérifié,ancienne
2026-09-29T19:22+02:00,36604448012,Très bon état,blanc,831.00,vérifié,ancienne
2026-09-29T19:22+02:00,36604448012,État correct,blanc,791.00,fiche,ancienne
2026-09-29T19:22+02:00,36604448012,État correct,naturel,800.00,fiche,ancienne
2026-09-29T19:22+02:00,36604448012,État correct,noir,824.00,fiche,ancienne
2026-09-29T19:22+02:00,36604448012,État correct,sable,809.00,fiche,ancienne
2026-09-29T19:49+02:00,36607645577,Parfait état,sable,860.00,vérifié,ancienne
2026-09-29T19:49+02:00,36607645577,Très bon état,noir,869.00,vérifié,ancienne
2026-09-29T19:49+02:00,36607645577,État correct,blanc,791.00,fiche,ancienne
2026-09-29T19:49+02:00,36607645577,État correct,naturel,800.00,fiche,ancienne
2026-09-29T19:49+02:00,36607645577,État correct,noir,824.00,fiche,ancienne
2026-09-29T19:49+02:00,36607645577,État correct,sable,809.00,fiche,ancienne
2026-09-29T20:26+02:00,36612111062,Parfait état,sable,879.99,vérifié,ancienne
2026-09-29T20:26+02:00,36612111062,Très bon état,noir,869.00,vérifié,ancienne
2026-09-29T20:26+02:00,36612111062,État correct,blanc,791.00,fiche,ancienne
2026-09-29T20:26+02:00,36612111062,État correct,naturel,800.00,fiche,ancienne
2026-09-29T20:26+02:00,36612111062,État correct,noir,824.00,fiche,ancienne
2026-09-29T20:26+02:00,36612111062,État correct,sable,809.00,fiche,ancienne
2026-09-29T20:52+02:00,36615171206,Parfait état,sable,851.00,vérifié,ancienne
2026-09-29T20:52+02:00,36615171206,Très bon état,noir,869.00,vérifié,ancienne
2026-09-29T20:52+02:00,36615171206,État correct,blanc,791.00,fiche,ancienne
2026-09-29T20:52+02:00,36615171206,État correct,naturel,800.00,fiche,ancienne
2026-09-29T20:52+02:00,36615171206,État correct,noir,824.00,fiche,ancienne
2026-09-29T20:52+02:00,36615171206,État correct,sable,809.00,fiche,ancienne
2026-09-29T23:29+02:00,36633347711,Parfait état,blanc,896.00,affiché,actuelle
2026-09-29T23:29+02:00,36633347711,Parfait état,naturel,897.00,affiché,actuelle
2026-09-29T23:29+02:00,36633347711,Parfait état,noir,898.00,affiché,actuelle
2026-09-29T23:29+02:00,36633347711,Parfait état,sable,856.00,vérifié,actuelle
2026-09-29T23:29+02:00,36633347711,Très bon état,blanc,835.00,affiché,actuelle
2026-09-29T23:29+02:00,36633347711,Très bon état,naturel,876.00,affiché,actuelle
2026-09-29T23:29+02:00,36633347711,Très bon état,noir,874.00,affiché,actuelle
2026-09-29T23:29+02:00,36633347711,Très bon état,sable,833.00,vérifié,actuelle
2026-09-29T23:29+02:00,36633347711,État correct,blanc,799.00,fiche,actuelle
2026-09-29T23:29+02:00,36633347711,État correct,naturel,808.00,fiche,actuelle
2026-09-29T23:29+02:00,36633347711,État correct,noir,831.00,fiche,actuelle
2026-09-29T23:29+02:00,36633347711,État correct,sable,819.00,fiche,actuelle
2026-09-29T23:42+02:00,36635065727,Parfait état,blanc,896.00,affiché,actuelle
2026-09-29T23:42+02:00,36635065727,Parfait état,naturel,897.00,affiché,actuelle
2026-09-29T23:42+02:00,36635065727,Parfait état,noir,898.00,affiché,actuelle
2026-09-29T23:42+02:00,36635065727,Parfait état,sable,856.00,vérifié,actuelle
2026-09-29T23:42+02:00,36635065727,Très bon état,blanc,835.00,affiché,actuelle
2026-09-29T23:42+02:00,36635065727,Très bon état,naturel,876.00,fiche,actuelle
2026-09-29T23:42+02:00,36635065727,Très bon état,naturel,876.00,vérifié,actuelle
2026-09-29T23:42+02:00,36635065727,Très bon état,noir,874.00,affiché,actuelle
2026-09-29T23:42+02:00,36635065727,Très bon état,sable,833.00,vérifié,actuelle
2026-09-29T23:42+02:00,36635065727,État correct,blanc,799.00,fiche,actuelle
2026-09-29T23:42+02:00,36635065727,État correct,noir,831.00,fiche,actuelle
2026-09-29T23:42+02:00,36635065727,État correct,sable,819.00,fiche,actuelle
2026-09-29T23:47+02:00,36635639631,Parfait état,blanc,896.00,affiché,actuelle
2026-09-29T23:47+02:00,36635639631,Parfait état,naturel,897.00,affiché,actuelle
2026-09-29T23:47+02:00,36635639631,Parfait état,noir,898.00,affiché,actuelle
2026-09-29T23:47+02:00,36635639631,Parfait état,sable,856.00,vérifié,actuelle
2026-09-29T23:47+02:00,36635639631,Très bon état,blanc,835.00,affiché,actuelle
2026-09-29T23:47+02:00,36635639631,Très bon état,naturel,876.00,fiche,actuelle
2026-09-29T23:47+02:00,36635639631,Très bon état,naturel,876.00,vérifié,actuelle
2026-09-29T23:47+02:00,36635639631,Très bon état,noir,874.00,affiché,actuelle
2026-09-29T23:47+02:00,36635639631,Très bon état,sable,833.00,vérifié,actuelle
2026-09-29T23:47+02:00,36635639631,État correct,blanc,799.00,fiche,actuelle
2026-09-29T23:47+02:00,36635639631,État correct,noir,831.00,fiche,actuelle
2026-09-29T23:47+02:00,36635639631,État correct,sable,819.00,fiche,actuelle
2026-09-29T23:49+02:00,36635805353,Parfait état,blanc,896.00,affiché,actuelle
2026-09-29T23:49+02:00,36635805353,Parfait état,naturel,897.00,affiché,actuelle
2026-09-29T23:49+02:00,36635805353,Parfait état,noir,898.00,affiché,actuelle
2026-09-29T23:49+02:00,36635805353,Parfait état,sable,856.00,vérifié,actuelle
2026-09-29T23:49+02:00,36635805353,Très bon état,blanc,835.00,affiché,actuelle
2026-09-29T23:49+02:00,36635805353,Très bon état,naturel,876.00,fiche,actuelle
2026-09-29T23:49+02:00,36635805353,Très bon état,naturel,876.00,vérifié,actuelle
2026-09-29T23:49+02:00,36635805353,Très bon état,noir,874.00,affiché,actuelle
2026-09-29T23:49+02:00,36635805353,Très bon état,sable,833.00,vérifié,actuelle
2026-09-29T23:49+02:00,36635805353,État correct,blanc,799.00,fiche,actuelle
2026-09-29T23:49+02:00,36635805353,État correct,noir,831.00,fiche,actuelle
2026-09-29T23:49+02:00,36635805353,État correct,sable,819.00,fiche,actuelle
2026-09-30T00:22+02:00,36639152949,Parfait état,blanc,892.00,affiché,actuelle
2026-09-30T00:22+02:00,36639152949,Parfait état,naturel,891.00,affiché,actuelle
2026-09-30T00:22+02:00,36639152949,Parfait état,noir,853.00,affiché,actuelle
2026-09-30T00:22+02:00,36639152949,Parfait état,sable,851.00,vérifié,actuelle
2026-09-30T00:22+02:00,36639152949,Très bon état,blanc,831.00,vérifié,actuelle
2026-09-30T00:22+02:00,36639152949,Très bon état,naturel,869.00,affiché,actuelle
2026-09-30T00:22+02:00,36639152949,Très bon état,noir,869.00,affiché,actuelle
2026-09-30T00:22+02:00,36639152949,Très bon état,sable,829.00,affiché,actuelle
2026-09-30T00:22+02:00,36639152949,État correct,blanc,791.00,fiche,actuelle
2026-09-30T00:22+02:00,36639152949,État correct,naturel,800.00,fiche,actuelle
2026-09-30T00:22+02:00,36639152949,État correct,noir,824.00,fiche,actuelle
2026-09-30T00:22+02:00,36639152949,État correct,sable,809.00,fiche,actuelle
2026-09-30T00:47+02:00,36641592163,Parfait état,blanc,892.00,affiché,actuelle
2026-09-30T00:47+02:00,36641592163,Parfait état,naturel,891.00,affiché,actuelle
2026-09-30T00:47+02:00,36641592163,Parfait état,noir,853.00,affiché,actuelle
2026-09-30T00:47+02:00,36641592163,Parfait état,sable,851.00,vérifié,actuelle
2026-09-30T00:47+02:00,36641592163,Très bon état,blanc,831.00,vérifié,actuelle
2026-09-30T00:47+02:00,36641592163,Très bon état,naturel,869.00,affiché,actuelle
2026-09-30T00:47+02:00,36641592163,Très bon état,noir,869.00,affiché,actuelle
2026-09-30T00:47+02:00,36641592163,Très bon état,sable,829.00,affiché,actuelle
2026-09-30T00:47+02:00,36641592163,État correct,blanc,791.00,fiche,actuelle
2026-09-30T00:47+02:00,36641592163,État correct,naturel,800.00,fiche,actuelle
2026-09-30T00:47+02:00,36641592163,État correct,noir,824.00,fiche,actuelle
2026-09-30T00:47+02:00,36641592163,État correct,sable,809.00,fiche,actuelle
2026-09-30T01:20+02:00,36644648477,Parfait état,blanc,892.00,affiché,actuelle
2026-09-30T01:20+02:00,36644648477,Parfait état,naturel,891.00,affiché,actuelle
2026-09-30T01:20+02:00,36644648477,Parfait état,noir,853.00,affiché,actuelle
2026-09-30T01:20+02:00,36644648477,Parfait état,sable,851.00,vérifié,actuelle
2026-09-30T01:20+02:00,36644648477,Très bon état,blanc,831.00,vérifié,actuelle
2026-09-30T01:20+02:00,36644648477,Très bon état,naturel,869.00,affiché,actuelle
2026-09-30T01:20+02:00,36644648477,Très bon état,noir,869.00,affiché,actuelle
2026-09-30T01:20+02:00,36644648477,Très bon état,sable,829.00,affiché,actuelle
2026-09-30T01:20+02:00,36644648477,État correct,blanc,791.00,fiche,actuelle
2026-09-30T01:20+02:00,36644648477,État correct,naturel,800.00,fiche,actuelle
2026-09-30T01:20+02:00,36644648477,État correct,noir,824.00,fiche,actuelle
2026-09-30T01:20+02:00,36644648477,État correct,sable,809.00,fiche,actuelle
2026-09-30T01:46+02:00,36646957679,Parfait état,blanc,892.00,affiché,actuelle
2026-09-30T01:46+02:00,36646957679,Parfait état,naturel,891.00,affiché,actuelle
2026-09-30T01:46+02:00,36646957679,Parfait état,noir,853.00,affiché,actuelle
2026-09-30T01:46+02:00,36646957679,Parfait état,sable,851.00,vérifié,actuelle
2026-09-30T01:46+02:00,36646957679,Très bon état,blanc,831.00,vérifié,actuelle
2026-09-30T01:46+02:00,36646957679,Très bon état,naturel,869.00,affiché,actuelle
2026-09-30T01:46+02:00,36646957679,Très bon état,noir,869.00,affiché,actuelle
2026-09-30T01:46+02:00,36646957679,Très bon état,sable,829.00,affiché,actuelle
2026-09-30T01:46+02:00,36646957679,État correct,blanc,791.00,fiche,actuelle
2026-09-30T01:46+02:00,36646957679,État correct,naturel,800.00,fiche,actuelle
2026-09-30T01:46+02:00,36646957679,État correct,noir,824.00,fiche,actuelle
2026-09-30T01:46+02:00,36646957679,État correct,sable,809.00,fiche,actuelle
2026-09-30T02:30+02:00,36650707890,Parfait état,blanc,892.00,affiché,actuelle
2026-09-30T02:30+02:00,36650707890,Parfait état,naturel,891.00,affiché,actuelle
2026-09-30T02:30+02:00,36650707890,Parfait état,noir,853.00,affiché,actuelle
2026-09-30T02:30+02:00,36650707890,Parfait état,sable,851.00,vérifié,actuelle
2026-09-30T02:30+02:00,36650707890,Très bon état,blanc,831.00,vérifié,actuelle
2026-09-30T02:30+02:00,36650707890,Très bon état,naturel,869.00,affiché,actuelle
2026-09-30T02:30+02:00,36650707890,Très bon état,noir,869.00,affiché,actuelle
2026-09-30T02:30+02:00,36650707890,Très bon état,sable,829.00,affiché,actuelle
2026-09-30T02:30+02:00,36650707890,État correct,blanc,791.00,fiche,actuelle
2026-09-30T02:30+02:00,36650707890,État correct,naturel,800.00,fiche,actuelle
2026-09-30T02:30+02:00,36650707890,État correct,noir,824.00,fiche,actuelle
2026-09-30T02:30+02:00,36650707890,État correct,sable,809.00,fiche,actuelle
2026-09-30T02:55+02:00,36652609320,Parfait état,blanc,892.00,affiché,actuelle
2026-09-30T02:55+02:00,36652609320,Parfait état,naturel,891.00,affiché,actuelle
2026-09-30T02:55+02:00,36652609320,Parfait état,noir,879.00,affiché,actuelle
2026-09-30T02:55+02:00,36652609320,Parfait état,sable,851.00,vérifié,actuelle
2026-09-30T02:55+02:00,36652609320,Très bon état,blanc,831.00,vérifié,actuelle
2026-09-30T02:55+02:00,36652609320,Très bon état,naturel,869.00,affiché,actuelle
2026-09-30T02:55+02:00,36652609320,Très bon état,noir,869.00,affiché,actuelle
2026-09-30T02:55+02:00,36652609320,Très bon état,sable,829.00,affiché,actuelle
2026-09-30T02:55+02:00,36652609320,État correct,blanc,791.00,fiche,actuelle
2026-09-30T02:55+02:00,36652609320,État correct,naturel,800.00,fiche,actuelle
2026-09-30T02:55+02:00,36652609320,État correct,noir,824.00,fiche,actuelle
2026-09-30T02:55+02:00,36652609320,État correct,sable,809.00,fiche,actuelle
2026-09-30T03:22+02:00,36654831859,Très bon état,blanc,831.00,vérifié,actuelle
2026-09-30T03:22+02:00,36654831859,Très bon état,naturel,869.00,affiché,actuelle
2026-09-30T03:22+02:00,36654831859,Très bon état,noir,874.00,fiche,actuelle
2026-09-30T03:22+02:00,36654831859,Très bon état,noir,874.00,vérifié,actuelle
2026-09-30T03:22+02:00,36654831859,Très bon état,sable,829.00,affiché,actuelle
2026-09-30T03:22+02:00,36654831859,État correct,blanc,791.00,fiche,actuelle
2026-09-30T03:22+02:00,36654831859,État correct,naturel,800.00,fiche,actuelle
2026-09-30T03:22+02:00,36654831859,État correct,sable,809.00,fiche,actuelle
2026-09-30T03:49+02:00,36656912938,Parfait état,blanc,892.00,affiché,actuelle
2026-09-30T03:49+02:00,36656912938,Parfait état,naturel,891.00,affiché,actuelle
2026-09-30T03:49+02:00,36656912938,Parfait état,noir,879.00,affiché,actuelle
2026-09-30T03:49+02:00,36656912938,Parfait état,sable,851.00,vérifié,actuelle
2026-09-30T03:49+02:00,36656912938,Très bon état,blanc,783.00,fiche,actuelle
2026-09-30T03:49+02:00,36656912938,Très bon état,blanc,783.00,vérifié,actuelle
2026-09-30T03:49+02:00,36656912938,Très bon état,naturel,869.00,affiché,actuelle
2026-09-30T03:49+02:00,36656912938,Très bon état,noir,769.00,fiche,actuelle
2026-09-30T03:49+02:00,36656912938,Très bon état,noir,769.00,vérifié,actuelle
2026-09-30T03:49+02:00,36656912938,Très bon état,sable,829.00,affiché,actuelle
2026-09-30T03:49+02:00,36656912938,État correct,naturel,800.00,fiche,actuelle
2026-09-30T03:49+02:00,36656912938,État correct,sable,809.00,fiche,actuelle
2026-09-30T04:21+02:00,36659482452,Parfait état,blanc,892.00,affiché,actuelle
2026-09-30T04:21+02:00,36659482452,Parfait état,naturel,891.00,affiché,actuelle
2026-09-30T04:21+02:00,36659482452,Parfait état,noir,879.00,affiché,actuelle
2026-09-30T04:21+02:00,36659482452,Parfait état,sable,851.00,vérifié,actuelle
2026-09-30T04:21+02:00,36659482452,Très bon état,blanc,783.00,fiche,actuelle
2026-09-30T04:21+02:00,36659482452,Très bon état,blanc,783.00,vérifié,actuelle
2026-09-30T04:21+02:00,36659482452,Très bon état,naturel,869.00,affiché,actuelle
2026-09-30T04:21+02:00,36659482452,Très bon état,noir,769.00,fiche,actuelle
2026-09-30T04:21+02:00,36659482452,Très bon état,noir,769.00,vérifié,actuelle
2026-09-30T04:21+02:00,36659482452,Très bon état,sable,829.00,affiché,actuelle
2026-09-30T04:21+02:00,36659482452,État correct,naturel,800.00,fiche,actuelle
2026-09-30T04:21+02:00,36659482452,État correct,sable,809.00,fiche,actuelle
2026-09-30T04:48+02:00,36661563618,Parfait état,blanc,892.00,affiché,actuelle
2026-09-30T04:48+02:00,36661563618,Parfait état,naturel,891.00,affiché,actuelle
2026-09-30T04:48+02:00,36661563618,Parfait état,noir,879.00,affiché,actuelle
2026-09-30T04:48+02:00,36661563618,Parfait état,sable,851.00,vérifié,actuelle
2026-09-30T04:48+02:00,36661563618,Très bon état,blanc,783.00,fiche,actuelle
2026-09-30T04:48+02:00,36661563618,Très bon état,blanc,783.00,vérifié,actuelle
2026-09-30T04:48+02:00,36661563618,Très bon état,naturel,869.00,affiché,actuelle
2026-09-30T04:48+02:00,36661563618,Très bon état,noir,769.00,fiche,actuelle
2026-09-30T04:48+02:00,36661563618,Très bon état,noir,769.00,vérifié,actuelle
2026-09-30T04:48+02:00,36661563618,Très bon état,sable,829.00,affiché,actuelle
2026-09-30T04:48+02:00,36661563618,État correct,naturel,800.00,fiche,actuelle
2026-09-30T04:48+02:00,36661563618,État correct,sable,809.00,fiche,actuelle
2026-09-30T05:23+02:00,36664170192,Parfait état,blanc,892.00,affiché,actuelle
2026-09-30T05:23+02:00,36664170192,Parfait état,naturel,891.00,affiché,actuelle
2026-09-30T05:23+02:00,36664170192,Parfait état,noir,879.00,affiché,actuelle
2026-09-30T05:23+02:00,36664170192,Parfait état,sable,851.00,vérifié,actuelle
2026-09-30T05:23+02:00,36664170192,Très bon état,blanc,783.00,fiche,actuelle
2026-09-30T05:23+02:00,36664170192,Très bon état,blanc,783.00,vérifié,actuelle
2026-09-30T05:23+02:00,36664170192,Très bon état,naturel,869.00,affiché,actuelle
2026-09-30T05:23+02:00,36664170192,Très bon état,noir,769.00,fiche,actuelle
2026-09-30T05:23+02:00,36664170192,Très bon état,noir,769.00,vérifié,actuelle
2026-09-30T05:23+02:00,36664170192,Très bon état,sable,829.00,affiché,actuelle
2026-09-30T05:23+02:00,36664170192,État correct,naturel,800.00,fiche,actuelle
2026-09-30T05:23+02:00,36664170192,État correct,sable,809.00,fiche,actuelle
2026-09-30T05:49+02:00,36666155159,Parfait état,blanc,892.00,affiché,actuelle
2026-09-30T05:49+02:00,36666155159,Parfait état,naturel,891.00,affiché,actuelle
2026-09-30T05:49+02:00,36666155159,Parfait état,noir,879.00,affiché,actuelle
2026-09-30T05:49+02:00,36666155159,Parfait état,sable,851.00,vérifié,actuelle
2026-09-30T05:49+02:00,36666155159,Très bon état,blanc,783.00,fiche,actuelle
2026-09-30T05:49+02:00,36666155159,Très bon état,blanc,783.00,vérifié,actuelle
2026-09-30T05:49+02:00,36666155159,Très bon état,naturel,869.00,affiché,actuelle
2026-09-30T05:49+02:00,36666155159,Très bon état,noir,769.00,fiche,actuelle
2026-09-30T05:49+02:00,36666155159,Très bon état,noir,769.00,vérifié,actuelle
2026-09-30T05:49+02:00,36666155159,Très bon état,sable,829.00,affiché,actuelle
2026-09-30T05:49+02:00,36666155159,État correct,naturel,800.00,fiche,actuelle
2026-09-30T05:49+02:00,36666155159,État correct,sable,809.00,fiche,actuelle
2026-09-30T06:24+02:00,36668669894,Parfait état,blanc,900.00,affiché,actuelle
2026-09-30T06:24+02:00,36668669894,Parfait état,naturel,902.00,affiché,actuelle
2026-09-30T06:24+02:00,36668669894,Parfait état,noir,892.00,affiché,actuelle
2026-09-30T06:24+02:00,36668669894,Parfait état,sable,860.00,vérifié,actuelle
2026-09-30T06:24+02:00,36668669894,Très bon état,blanc,790.00,fiche,actuelle
2026-09-30T06:24+02:00,36668669894,Très bon état,blanc,790.00,vérifié,actuelle
2026-09-30T06:24+02:00,36668669894,Très bon état,naturel,883.00,affiché,actuelle
2026-09-30T06:24+02:00,36668669894,Très bon état,noir,777.00,fiche,actuelle
2026-09-30T06:24+02:00,36668669894,Très bon état,noir,777.00,vérifié,actuelle
2026-09-30T06:24+02:00,36668669894,Très bon état,sable,838.00,affiché,actuelle
2026-09-30T06:24+02:00,36668669894,État correct,naturel,816.00,fiche,actuelle
2026-09-30T06:24+02:00,36668669894,État correct,sable,829.00,fiche,actuelle
2026-09-30T06:50+02:00,36670630621,Très bon état,blanc,790.00,fiche,actuelle
2026-09-30T06:50+02:00,36670630621,Très bon état,blanc,790.00,vérifié,actuelle
2026-09-30T06:50+02:00,36670630621,Très bon état,naturel,883.00,affiché,actuelle
2026-09-30T06:50+02:00,36670630621,Très bon état,noir,777.00,fiche,actuelle
2026-09-30T06:50+02:00,36670630621,Très bon état,noir,777.00,vérifié,actuelle
2026-09-30T06:50+02:00,36670630621,Très bon état,sable,838.00,affiché,actuelle
2026-09-30T06:50+02:00,36670630621,État correct,naturel,816.00,fiche,actuelle
2026-09-30T06:50+02:00,36670630621,État correct,sable,829.00,fiche,actuelle
2026-09-30T07:23+02:00,36673169020,Parfait état,blanc,900.00,affiché,actuelle
2026-09-30T07:23+02:00,36673169020,Parfait état,naturel,900.00,affiché,actuelle
2026-09-30T07:23+02:00,36673169020,Parfait état,noir,892.00,affiché,actuelle
2026-09-30T07:23+02:00,36673169020,Parfait état,sable,859.00,vérifié,actuelle
2026-09-30T07:23+02:00,36673169020,Très bon état,blanc,790.00,fiche,actuelle
2026-09-30T07:23+02:00,36673169020,Très bon état,blanc,790.00,vérifié,actuelle
2026-09-30T07:23+02:00,36673169020,Très bon état,naturel,883.00,affiché,actuelle
2026-09-30T07:23+02:00,36673169020,Très bon état,noir,777.00,fiche,actuelle
2026-09-30T07:23+02:00,36673169020,Très bon état,noir,777.00,vérifié,actuelle
2026-09-30T07:23+02:00,36673169020,Très bon état,sable,838.00,affiché,actuelle
2026-09-30T07:23+02:00,36673169020,État correct,naturel,816.00,fiche,actuelle
2026-09-30T07:23+02:00,36673169020,État correct,sable,829.00,fiche,actuelle
2026-09-30T07:49+02:00,36675188754,Parfait état,blanc,900.00,affiché,actuelle
2026-09-30T07:49+02:00,36675188754,Parfait état,naturel,900.00,affiché,actuelle
2026-09-30T07:49+02:00,36675188754,Parfait état,noir,892.00,affiché,actuelle
2026-09-30T07:49+02:00,36675188754,Parfait état,sable,859.00,vérifié,actuelle
2026-09-30T07:49+02:00,36675188754,Très bon état,blanc,790.00,fiche,actuelle
2026-09-30T07:49+02:00,36675188754,Très bon état,blanc,790.00,vérifié,actuelle
2026-09-30T07:49+02:00,36675188754,Très bon état,naturel,883.00,affiché,actuelle
2026-09-30T07:49+02:00,36675188754,Très bon état,noir,777.00,fiche,actuelle
2026-09-30T07:49+02:00,36675188754,Très bon état,noir,777.00,vérifié,actuelle
2026-09-30T07:49+02:00,36675188754,Très bon état,sable,838.00,affiché,actuelle
2026-09-30T07:49+02:00,36675188754,État correct,naturel,816.00,fiche,actuelle
2026-09-30T07:49+02:00,36675188754,État correct,sable,829.00,fiche,actuelle
2026-09-30T08:28+02:00,36678393179,Parfait état,blanc,896.00,affiché,actuelle
2026-09-30T08:28+02:00,36678393179,Parfait état,naturel,894.00,affiché,actuelle
2026-09-30T08:28+02:00,36678393179,Parfait état,noir,885.00,affiché,actuelle
2026-09-30T08:28+02:00,36678393179,Parfait état,sable,855.00,vérifié,actuelle
2026-09-30T08:28+02:00,36678393179,Très bon état,blanc,786.00,fiche,actuelle
2026-09-30T08:28+02:00,36678393179,Très bon état,blanc,786.00,vérifié,actuelle
2026-09-30T08:28+02:00,36678393179,Très bon état,naturel,876.00,affiché,actuelle
2026-09-30T08:28+02:00,36678393179,Très bon état,noir,874.00,affiché,actuelle
2026-09-30T08:28+02:00,36678393179,Très bon état,sable,833.00,affiché,actuelle
2026-09-30T08:28+02:00,36678393179,État correct,naturel,808.00,fiche,actuelle
2026-09-30T08:28+02:00,36678393179,État correct,noir,831.00,fiche,actuelle
2026-09-30T08:28+02:00,36678393179,État correct,sable,819.00,fiche,actuelle
2026-09-30T08:54+02:00,36680697534,Parfait état,blanc,896.00,affiché,actuelle
2026-09-30T08:54+02:00,36680697534,Parfait état,naturel,894.00,affiché,actuelle
2026-09-30T08:54+02:00,36680697534,Parfait état,noir,867.00,affiché,actuelle
2026-09-30T08:54+02:00,36680697534,Parfait état,sable,855.00,vérifié,actuelle
2026-09-30T08:54+02:00,36680697534,Très bon état,blanc,786.00,vérifié,actuelle
2026-09-30T08:54+02:00,36680697534,Très bon état,naturel,876.00,affiché,actuelle
2026-09-30T08:54+02:00,36680697534,Très bon état,noir,874.00,affiché,actuelle
2026-09-30T08:54+02:00,36680697534,Très bon état,sable,805.00,fiche,actuelle
2026-09-30T08:54+02:00,36680697534,Très bon état,sable,805.00,vérifié,actuelle
2026-09-30T08:54+02:00,36680697534,État correct,blanc,767.00,fiche,actuelle
2026-09-30T08:54+02:00,36680697534,État correct,naturel,808.00,fiche,actuelle
2026-09-30T08:54+02:00,36680697534,État correct,noir,831.00,fiche,actuelle
2026-09-30T09:25+02:00,36683580507,Parfait état,blanc,896.00,affiché,actuelle
2026-09-30T09:25+02:00,36683580507,Parfait état,naturel,894.00,affiché,actuelle
2026-09-30T09:25+02:00,36683580507,Parfait état,noir,867.00,affiché,actuelle
2026-09-30T09:25+02:00,36683580507,Parfait état,sable,855.00,vérifié,actuelle
2026-09-30T09:25+02:00,36683580507,Très bon état,blanc,786.00,vérifié,actuelle
2026-09-30T09:25+02:00,36683580507,Très bon état,naturel,876.00,affiché,actuelle
2026-09-30T09:25+02:00,36683580507,Très bon état,noir,874.00,affiché,actuelle
2026-09-30T09:25+02:00,36683580507,Très bon état,sable,805.00,fiche,actuelle
2026-09-30T09:25+02:00,36683580507,Très bon état,sable,805.00,vérifié,actuelle
2026-09-30T09:25+02:00,36683580507,État correct,blanc,767.00,fiche,actuelle
2026-09-30T09:25+02:00,36683580507,État correct,naturel,808.00,fiche,actuelle
2026-09-30T09:25+02:00,36683580507,État correct,noir,831.00,fiche,actuelle
2026-09-30T09:50+02:00,36686084840,Parfait état,blanc,896.00,affiché,actuelle
2026-09-30T09:50+02:00,36686084840,Parfait état,naturel,894.00,affiché,actuelle
2026-09-30T09:50+02:00,36686084840,Parfait état,noir,885.00,affiché,actuelle
2026-09-30T09:50+02:00,36686084840,Parfait état,sable,855.00,vérifié,actuelle
2026-09-30T09:50+02:00,36686084840,Très bon état,blanc,786.00,vérifié,actuelle
2026-09-30T09:50+02:00,36686084840,Très bon état,naturel,876.00,affiché,actuelle
2026-09-30T09:50+02:00,36686084840,Très bon état,noir,874.00,affiché,actuelle
2026-09-30T09:50+02:00,36686084840,Très bon état,sable,808.00,fiche,actuelle
2026-09-30T09:50+02:00,36686084840,Très bon état,sable,808.00,vérifié,actuelle
2026-09-30T09:50+02:00,36686084840,État correct,blanc,767.00,fiche,actuelle
2026-09-30T09:50+02:00,36686084840,État correct,naturel,808.00,fiche,actuelle
2026-09-30T09:50+02:00,36686084840,État correct,noir,831.00,fiche,actuelle
2026-09-30T10:26+02:00,36689669073,Parfait état,blanc,892.00,affiché,actuelle
2026-09-30T10:26+02:00,36689669073,Parfait état,naturel,889.00,affiché,actuelle
2026-09-30T10:26+02:00,36689669073,Parfait état,noir,879.00,affiché,actuelle
2026-09-30T10:26+02:00,36689669073,Parfait état,sable,850.00,vérifié,actuelle
2026-09-30T10:26+02:00,36689669073,Très bon état,blanc,783.00,affiché,actuelle
2026-09-30T10:26+02:00,36689669073,Très bon état,naturel,869.00,affiché,actuelle
2026-09-30T10:26+02:00,36689669073,Très bon état,noir,869.00,affiché,actuelle
2026-09-30T10:26+02:00,36689669073,Très bon état,sable,804.00,fiche,actuelle
2026-09-30T10:26+02:00,36689669073,Très bon état,sable,804.00,vérifié,actuelle
2026-09-30T10:26+02:00,36689669073,État correct,blanc,760.00,fiche,actuelle
2026-09-30T10:26+02:00,36689669073,État correct,naturel,800.00,fiche,actuelle
2026-09-30T10:26+02:00,36689669073,État correct,noir,824.00,fiche,actuelle
2026-09-30T10:51+02:00,36692366010,Parfait état,blanc,882.00,affiché,actuelle
2026-09-30T10:51+02:00,36692366010,Parfait état,naturel,889.00,affiché,actuelle
2026-09-30T10:51+02:00,36692366010,Parfait état,noir,879.00,affiché,actuelle
2026-09-30T10:51+02:00,36692366010,Parfait état,sable,850.00,vérifié,actuelle
2026-09-30T10:51+02:00,36692366010,Très bon état,blanc,783.00,affiché,actuelle
2026-09-30T10:51+02:00,36692366010,Très bon état,naturel,869.00,affiché,actuelle
2026-09-30T10:51+02:00,36692366010,Très bon état,noir,869.00,affiché,actuelle
2026-09-30T10:51+02:00,36692366010,Très bon état,sable,804.00,fiche,actuelle
2026-09-30T10:51+02:00,36692366010,Très bon état,sable,804.00,vérifié,actuelle
2026-09-30T10:51+02:00,36692366010,État correct,blanc,760.00,fiche,actuelle
2026-09-30T10:51+02:00,36692366010,État correct,naturel,800.00,fiche,actuelle
2026-09-30T10:51+02:00,36692366010,État correct,noir,824.00,fiche,actuelle
2026-09-30T11:23+02:00,36695820268,Parfait état,blanc,892.00,affiché,actuelle
2026-09-30T11:23+02:00,36695820268,Parfait état,naturel,889.00,affiché,actuelle
2026-09-30T11:23+02:00,36695820268,Parfait état,noir,869.99,affiché,actuelle
2026-09-30T11:23+02:00,36695820268,Parfait état,sable,850.00,vérifié,actuelle
2026-09-30T11:23+02:00,36695820268,Très bon état,blanc,783.00,affiché,actuelle
2026-09-30T11:23+02:00,36695820268,Très bon état,naturel,869.00,affiché,actuelle
2026-09-30T11:23+02:00,36695820268,Très bon état,noir,869.00,vérifié,actuelle
2026-09-30T11:23+02:00,36695820268,Très bon état,sable,804.00,fiche,actuelle
2026-09-30T11:23+02:00,36695820268,Très bon état,sable,804.00,vérifié,actuelle
2026-09-30T11:23+02:00,36695820268,État correct,blanc,760.00,fiche,actuelle
2026-09-30T11:23+02:00,36695820268,État correct,naturel,800.00,fiche,actuelle
2026-09-30T11:23+02:00,36695820268,État correct,noir,824.00,fiche,actuelle
2026-09-30T11:51+02:00,36698798914,Parfait état,blanc,892.00,affiché,actuelle
2026-09-30T11:51+02:00,36698798914,Parfait état,naturel,889.00,affiché,actuelle
2026-09-30T11:51+02:00,36698798914,Parfait état,noir,861.00,affiché,actuelle
2026-09-30T11:51+02:00,36698798914,Parfait état,sable,850.00,vérifié,actuelle
2026-09-30T11:51+02:00,36698798914,Très bon état,blanc,783.00,affiché,actuelle
2026-09-30T11:51+02:00,36698798914,Très bon état,naturel,869.00,affiché,actuelle
2026-09-30T11:51+02:00,36698798914,Très bon état,noir,869.00,affiché,actuelle
2026-09-30T11:51+02:00,36698798914,Très bon état,sable,804.00,fiche,actuelle
2026-09-30T11:51+02:00,36698798914,Très bon état,sable,804.00,vérifié,actuelle
2026-09-30T11:51+02:00,36698798914,État correct,blanc,760.00,fiche,actuelle
2026-09-30T11:51+02:00,36698798914,État correct,naturel,800.00,fiche,actuelle
2026-09-30T11:51+02:00,36698798914,État correct,noir,824.00,fiche,actuelle
2026-09-30T12:24+02:00,36702228512,Parfait état,blanc,900.00,affiché,actuelle
2026-09-30T12:24+02:00,36702228512,Parfait état,naturel,900.00,affiché,actuelle
2026-09-30T12:24+02:00,36702228512,Parfait état,noir,873.00,affiché,actuelle
2026-09-30T12:24+02:00,36702228512,Parfait état,sable,859.00,vérifié,actuelle
2026-09-30T12:24+02:00,36702228512,Très bon état,blanc,838.00,affiché,actuelle
2026-09-30T12:24+02:00,36702228512,Très bon état,naturel,883.00,affiché,actuelle
2026-09-30T12:24+02:00,36702228512,Très bon état,noir,878.00,vérifié,actuelle
2026-09-30T12:24+02:00,36702228512,Très bon état,sable,813.00,fiche,actuelle
2026-09-30T12:24+02:00,36702228512,Très bon état,sable,813.00,vérifié,actuelle
2026-09-30T12:24+02:00,36702228512,État correct,blanc,775.00,fiche,actuelle
2026-09-30T12:24+02:00,36702228512,État correct,naturel,816.00,fiche,actuelle
2026-09-30T12:24+02:00,36702228512,État correct,noir,837.00,fiche,actuelle
2026-09-30T12:51+02:00,36704914300,Parfait état,blanc,900.00,affiché,actuelle
2026-09-30T12:51+02:00,36704914300,Parfait état,naturel,900.00,affiché,actuelle
2026-09-30T12:51+02:00,36704914300,Parfait état,noir,905.00,vérifié,actuelle
2026-09-30T12:51+02:00,36704914300,Parfait état,sable,859.00,affiché,actuelle
2026-09-30T12:51+02:00,36704914300,Très bon état,blanc,838.00,affiché,actuelle
2026-09-30T12:51+02:00,36704914300,Très bon état,naturel,883.00,affiché,actuelle
2026-09-30T12:51+02:00,36704914300,Très bon état,noir,878.00,affiché,actuelle
2026-09-30T12:51+02:00,36704914300,Très bon état,sable,813.00,fiche,actuelle
2026-09-30T12:51+02:00,36704914300,Très bon état,sable,813.00,vérifié,actuelle
2026-09-30T12:51+02:00,36704914300,État correct,blanc,775.00,fiche,actuelle
2026-09-30T12:51+02:00,36704914300,État correct,naturel,816.00,fiche,actuelle
2026-09-30T12:51+02:00,36704914300,État correct,noir,837.00,fiche,actuelle
2026-09-30T13:21+02:00,36708051831,Parfait état,blanc,900.00,affiché,actuelle
2026-09-30T13:21+02:00,36708051831,Parfait état,naturel,900.00,vérifié,actuelle
2026-09-30T13:21+02:00,36708051831,Parfait état,noir,959.06,affiché,actuelle
2026-09-30T13:21+02:00,36708051831,Parfait état,sable,859.00,affiché,actuelle
2026-09-30T13:21+02:00,36708051831,Très bon état,blanc,838.00,vérifié,actuelle
2026-09-30T13:21+02:00,36708051831,Très bon état,naturel,883.00,affiché,actuelle
2026-09-30T13:21+02:00,36708051831,Très bon état,noir,878.00,affiché,actuelle
2026-09-30T13:21+02:00,36708051831,Très bon état,sable,813.00,fiche,actuelle
2026-09-30T13:21+02:00,36708051831,Très bon état,sable,813.00,vérifié,actuelle
2026-09-30T13:21+02:00,36708051831,État correct,blanc,775.00,fiche,actuelle
2026-09-30T13:21+02:00,36708051831,État correct,naturel,816.00,fiche,actuelle
2026-09-30T13:21+02:00,36708051831,État correct,noir,837.00,fiche,actuelle
2026-09-30T13:50+02:00,36710956530,Parfait état,blanc,900.00,affiché,actuelle
2026-09-30T13:50+02:00,36710956530,Parfait état,naturel,900.00,affiché,actuelle
2026-09-30T13:50+02:00,36710956530,Parfait état,noir,959.06,affiché,actuelle
2026-09-30T13:50+02:00,36710956530,Parfait état,sable,859.00,vérifié,actuelle
2026-09-30T13:50+02:00,36710956530,Très bon état,blanc,838.00,vérifié,actuelle
2026-09-30T13:50+02:00,36710956530,Très bon état,naturel,883.00,affiché,actuelle
2026-09-30T13:50+02:00,36710956530,Très bon état,noir,878.00,affiché,actuelle
2026-09-30T13:50+02:00,36710956530,Très bon état,sable,813.00,fiche,actuelle
2026-09-30T13:50+02:00,36710956530,Très bon état,sable,813.00,vérifié,actuelle
2026-09-30T13:50+02:00,36710956530,État correct,blanc,775.00,fiche,actuelle
2026-09-30T13:50+02:00,36710956530,État correct,naturel,816.00,fiche,actuelle
2026-09-30T13:50+02:00,36710956530,État correct,noir,837.00,fiche,actuelle
2026-09-30T14:31+02:00,36715337009,Parfait état,blanc,892.00,affiché,actuelle
2026-09-30T14:31+02:00,36715337009,Parfait état,naturel,889.00,affiché,actuelle
2026-09-30T14:31+02:00,36715337009,Parfait état,noir,899.00,affiché,actuelle
2026-09-30T14:31+02:00,36715337009,Parfait état,sable,850.00,vérifié,actuelle
2026-09-30T14:31+02:00,36715337009,Très bon état,blanc,831.00,affiché,actuelle
2026-09-30T14:31+02:00,36715337009,Très bon état,naturel,869.00,affiché,actuelle
2026-09-30T14:31+02:00,36715337009,Très bon état,noir,869.00,affiché,actuelle
2026-09-30T14:31+02:00,36715337009,Très bon état,sable,804.00,fiche,actuelle
2026-09-30T14:31+02:00,36715337009,Très bon état,sable,804.00,vérifié,actuelle
2026-09-30T14:31+02:00,36715337009,État correct,blanc,760.00,fiche,actuelle
2026-09-30T14:31+02:00,36715337009,État correct,naturel,800.00,fiche,actuelle
2026-09-30T14:31+02:00,36715337009,État correct,noir,824.00,fiche,actuelle
2026-09-30T14:57+02:00,36718175870,Parfait état,blanc,892.00,affiché,actuelle
2026-09-30T14:57+02:00,36718175870,Parfait état,naturel,889.00,affiché,actuelle
2026-09-30T14:57+02:00,36718175870,Parfait état,noir,899.00,vérifié,actuelle
2026-09-30T14:57+02:00,36718175870,Parfait état,sable,850.00,affiché,actuelle
2026-09-30T14:57+02:00,36718175870,Très bon état,blanc,831.00,affiché,actuelle
2026-09-30T14:57+02:00,36718175870,Très bon état,naturel,869.00,affiché,actuelle
2026-09-30T14:57+02:00,36718175870,Très bon état,noir,869.00,vérifié,actuelle
2026-09-30T14:57+02:00,36718175870,Très bon état,sable,804.00,fiche,actuelle
2026-09-30T14:57+02:00,36718175870,Très bon état,sable,804.00,vérifié,actuelle
2026-09-30T14:57+02:00,36718175870,État correct,blanc,760.00,fiche,actuelle
2026-09-30T14:57+02:00,36718175870,État correct,naturel,800.00,fiche,actuelle
2026-09-30T14:57+02:00,36718175870,État correct,noir,824.00,fiche,actuelle
2026-09-30T15:25+02:00,36721515621,Parfait état,blanc,892.00,affiché,actuelle
2026-09-30T15:25+02:00,36721515621,Parfait état,naturel,889.00,affiché,actuelle
2026-09-30T15:25+02:00,36721515621,Parfait état,noir,899.00,vérifié,actuelle
2026-09-30T15:25+02:00,36721515621,Parfait état,sable,850.00,affiché,actuelle
2026-09-30T15:25+02:00,36721515621,Très bon état,blanc,831.00,affiché,actuelle
2026-09-30T15:25+02:00,36721515621,Très bon état,naturel,869.00,affiché,actuelle
2026-09-30T15:25+02:00,36721515621,Très bon état,noir,869.00,vérifié,actuelle
2026-09-30T15:25+02:00,36721515621,Très bon état,sable,804.00,fiche,actuelle
2026-09-30T15:25+02:00,36721515621,Très bon état,sable,804.00,vérifié,actuelle
2026-09-30T15:25+02:00,36721515621,État correct,blanc,760.00,fiche,actuelle
2026-09-30T15:25+02:00,36721515621,État correct,naturel,800.00,fiche,actuelle
2026-09-30T15:25+02:00,36721515621,État correct,noir,824.00,fiche,actuelle
2026-09-30T15:51+02:00,36724689437,Parfait état,blanc,892.00,affiché,actuelle
2026-09-30T15:51+02:00,36724689437,Parfait état,naturel,889.00,affiché,actuelle
2026-09-30T15:51+02:00,36724689437,Parfait état,noir,899.00,affiché,actuelle
2026-09-30T15:51+02:00,36724689437,Parfait état,sable,859.00,vérifié,actuelle
2026-09-30T15:51+02:00,36724689437,Très bon état,blanc,831.00,affiché,actuelle
2026-09-30T15:51+02:00,36724689437,Très bon état,naturel,869.00,affiché,actuelle
2026-09-30T15:51+02:00,36724689437,Très bon état,noir,869.00,vérifié,actuelle
2026-09-30T15:51+02:00,36724689437,Très bon état,sable,804.00,fiche,actuelle
2026-09-30T15:51+02:00,36724689437,Très bon état,sable,804.00,vérifié,actuelle
2026-09-30T15:51+02:00,36724689437,État correct,blanc,760.00,fiche,actuelle
2026-09-30T15:51+02:00,36724689437,État correct,naturel,800.00,fiche,actuelle
2026-09-30T15:51+02:00,36724689437,État correct,noir,824.00,fiche,actuelle
2026-09-30T16:26+02:00,36729128136,Parfait état,blanc,894.00,affiché,actuelle
2026-09-30T16:26+02:00,36729128136,Parfait état,naturel,892.00,affiché,actuelle
2026-09-30T16:26+02:00,36729128136,Parfait état,noir,901.00,vérifié,actuelle
2026-09-30T16:26+02:00,36729128136,Parfait état,sable,861.00,affiché,actuelle
2026-09-30T16:26+02:00,36729128136,Très bon état,blanc,832.00,affiché,actuelle
2026-09-30T16:26+02:00,36729128136,Très bon état,naturel,874.00,fiche,actuelle
2026-09-30T16:26+02:00,36729128136,Très bon état,naturel,874.00,vérifié,actuelle
2026-09-30T16:26+02:00,36729128136,Très bon état,noir,872.00,vérifié,actuelle
2026-09-30T16:26+02:00,36729128136,Très bon état,sable,806.00,fiche,actuelle
2026-09-30T16:26+02:00,36729128136,Très bon état,sable,806.00,vérifié,actuelle
2026-09-30T16:26+02:00,36729128136,État correct,blanc,765.00,fiche,actuelle
2026-09-30T16:26+02:00,36729128136,État correct,noir,828.00,fiche,actuelle
2026-09-30T16:53+02:00,36732576636,Parfait état,blanc,894.00,affiché,actuelle
2026-09-30T16:53+02:00,36732576636,Parfait état,naturel,892.00,affiché,actuelle
2026-09-30T16:53+02:00,36732576636,Parfait état,noir,901.00,vérifié,actuelle
2026-09-30T16:53+02:00,36732576636,Parfait état,sable,861.00,affiché,actuelle
2026-09-30T16:53+02:00,36732576636,Très bon état,blanc,832.00,affiché,actuelle
2026-09-30T16:53+02:00,36732576636,Très bon état,naturel,874.00,fiche,actuelle
2026-09-30T16:53+02:00,36732576636,Très bon état,naturel,874.00,vérifié,actuelle
2026-09-30T16:53+02:00,36732576636,Très bon état,noir,872.00,vérifié,actuelle
2026-09-30T16:53+02:00,36732576636,Très bon état,sable,806.00,fiche,actuelle
2026-09-30T16:53+02:00,36732576636,Très bon état,sable,806.00,vérifié,actuelle
2026-09-30T16:53+02:00,36732576636,État correct,blanc,765.00,fiche,actuelle
2026-09-30T16:53+02:00,36732576636,État correct,noir,828.00,fiche,actuelle
2026-09-30T17:26+02:00,36736747326,Parfait état,blanc,894.00,affiché,actuelle
2026-09-30T17:26+02:00,36736747326,Parfait état,naturel,892.00,affiché,actuelle
2026-09-30T17:26+02:00,36736747326,Parfait état,noir,901.00,vérifié,actuelle
2026-09-30T17:26+02:00,36736747326,Parfait état,sable,861.00,affiché,actuelle
2026-09-30T17:26+02:00,36736747326,Très bon état,blanc,832.00,affiché,actuelle
2026-09-30T17:26+02:00,36736747326,Très bon état,naturel,874.00,fiche,actuelle
2026-09-30T17:26+02:00,36736747326,Très bon état,naturel,874.00,vérifié,actuelle
2026-09-30T17:26+02:00,36736747326,Très bon état,noir,872.00,vérifié,actuelle
2026-09-30T17:26+02:00,36736747326,Très bon état,sable,806.00,fiche,actuelle
2026-09-30T17:26+02:00,36736747326,Très bon état,sable,806.00,vérifié,actuelle
2026-09-30T17:26+02:00,36736747326,État correct,blanc,765.00,fiche,actuelle
2026-09-30T17:26+02:00,36736747326,État correct,noir,828.00,fiche,actuelle
2026-09-30T17:52+02:00,36739975633,Parfait état,blanc,829.00,affiché,actuelle
2026-09-30T17:52+02:00,36739975633,Parfait état,naturel,872.00,affiché,actuelle
2026-09-30T17:52+02:00,36739975633,Parfait état,noir,771.00,vérifié,actuelle
2026-09-30T17:52+02:00,36739975633,Parfait état,sable,861.00,affiché,actuelle
2026-09-30T17:52+02:00,36739975633,Très bon état,blanc,784.00,vérifié,actuelle
2026-09-30T17:52+02:00,36739975633,Très bon état,naturel,804.00,fiche,actuelle
2026-09-30T17:52+02:00,36739975633,Très bon état,naturel,804.00,vérifié,actuelle
2026-09-30T17:52+02:00,36739975633,Très bon état,noir,772.00,fiche,actuelle
2026-09-30T17:52+02:00,36739975633,Très bon état,noir,772.00,vérifié,actuelle
2026-09-30T17:52+02:00,36739975633,Très bon état,sable,806.00,fiche,actuelle
2026-09-30T17:52+02:00,36739975633,Très bon état,sable,806.00,vérifié,actuelle
2026-09-30T17:52+02:00,36739975633,État correct,blanc,765.00,fiche,actuelle
2026-09-30T18:26+02:00,36744231438,Parfait état,blanc,831.00,affiché,actuelle
2026-09-30T18:26+02:00,36744231438,Parfait état,naturel,874.00,affiché,actuelle
2026-09-30T18:26+02:00,36744231438,Parfait état,noir,899.00,vérifié,actuelle
2026-09-30T18:26+02:00,36744231438,Parfait état,sable,863.00,affiché,actuelle
2026-09-30T18:26+02:00,36744231438,Très bon état,blanc,786.00,vérifié,actuelle
2026-09-30T18:26+02:00,36744231438,Très bon état,naturel,778.00,fiche,actuelle
2026-09-30T18:26+02:00,36744231438,Très bon état,naturel,778.00,vérifié,actuelle
2026-09-30T18:26+02:00,36744231438,Très bon état,noir,769.00,fiche,actuelle
2026-09-30T18:26+02:00,36744231438,Très bon état,noir,769.00,vérifié,actuelle
2026-09-30T18:26+02:00,36744231438,Très bon état,sable,791.00,fiche,actuelle
2026-09-30T18:26+02:00,36744231438,Très bon état,sable,791.00,vérifié,actuelle
2026-09-30T18:26+02:00,36744231438,État correct,blanc,769.00,fiche,actuelle
2026-09-30T18:50+02:00,36747101530,Parfait état,blanc,831.00,affiché,actuelle
2026-09-30T18:50+02:00,36747101530,Parfait état,naturel,874.00,affiché,actuelle
2026-09-30T18:50+02:00,36747101530,Parfait état,noir,899.00,vérifié,actuelle
2026-09-30T18:50+02:00,36747101530,Parfait état,sable,863.00,affiché,actuelle
2026-09-30T18:50+02:00,36747101530,Très bon état,blanc,786.00,vérifié,actuelle
2026-09-30T18:50+02:00,36747101530,Très bon état,naturel,778.00,fiche,actuelle
2026-09-30T18:50+02:00,36747101530,Très bon état,naturel,778.00,vérifié,actuelle
2026-09-30T18:50+02:00,36747101530,Très bon état,noir,769.00,fiche,actuelle
2026-09-30T18:50+02:00,36747101530,Très bon état,noir,769.00,vérifié,actuelle
2026-09-30T18:50+02:00,36747101530,Très bon état,sable,805.00,fiche,actuelle
2026-09-30T18:50+02:00,36747101530,Très bon état,sable,805.00,vérifié,actuelle
2026-09-30T18:50+02:00,36747101530,État correct,blanc,769.00,fiche,actuelle
2026-09-30T19:23+02:00,36751035533,Parfait état,blanc,831.00,affiché,actuelle
2026-09-30T19:23+02:00,36751035533,Parfait état,naturel,874.00,fiche,actuelle
2026-09-30T19:23+02:00,36751035533,Parfait état,naturel,874.00,vérifié,actuelle
2026-09-30T19:23+02:00,36751035533,Parfait état,noir,899.00,vérifié,actuelle
2026-09-30T19:23+02:00,36751035533,Parfait état,sable,863.00,affiché,actuelle
2026-09-30T19:23+02:00,36751035533,Très bon état,blanc,786.00,affiché,actuelle
2026-09-30T19:23+02:00,36751035533,Très bon état,naturel,878.00,vérifié,actuelle
2026-09-30T19:23+02:00,36751035533,Très bon état,noir,769.00,fiche,actuelle
2026-09-30T19:23+02:00,36751035533,Très bon état,noir,769.00,vérifié,actuelle
2026-09-30T19:23+02:00,36751035533,Très bon état,sable,805.00,fiche,actuelle
2026-09-30T19:23+02:00,36751035533,Très bon état,sable,805.00,vérifié,actuelle
2026-09-30T19:23+02:00,36751035533,État correct,blanc,769.00,fiche,actuelle
2026-09-30T19:49+02:00,36754127361,Parfait état,blanc,897.00,affiché,actuelle
2026-09-30T19:49+02:00,36754127361,Parfait état,naturel,894.00,affiché,actuelle
2026-09-30T19:49+02:00,36754127361,Parfait état,noir,899.00,vérifié,actuelle
2026-09-30T19:49+02:00,36754127361,Parfait état,sable,863.00,affiché,actuelle
2026-09-30T19:49+02:00,36754127361,Très bon état,blanc,834.00,vérifié,actuelle
2026-09-30T19:49+02:00,36754127361,Très bon état,naturel,878.00,fiche,actuelle
2026-09-30T19:49+02:00,36754127361,Très bon état,naturel,878.00,vérifié,actuelle
2026-09-30T19:49+02:00,36754127361,Très bon état,noir,869.00,affiché,actuelle
2026-09-30T19:49+02:00,36754127361,Très bon état,sable,805.00,fiche,actuelle
2026-09-30T19:49+02:00,36754127361,Très bon état,sable,805.00,vérifié,actuelle
2026-09-30T19:49+02:00,36754127361,État correct,blanc,769.00,fiche,actuelle
2026-09-30T20:25+02:00,36758441070,Parfait état,blanc,881.00,affiché,actuelle
2026-09-30T20:25+02:00,36758441070,Parfait état,naturel,870.00,fiche,actuelle
2026-09-30T20:25+02:00,36758441070,Parfait état,naturel,870.00,vérifié,actuelle
2026-09-30T20:25+02:00,36758441070,Parfait état,noir,899.00,vérifié,actuelle
2026-09-30T20:25+02:00,36758441070,Parfait état,sable,861.00,affiché,actuelle
2026-09-30T20:25+02:00,36758441070,Très bon état,blanc,832.00,affiché,actuelle
2026-09-30T20:25+02:00,36758441070,Très bon état,naturel,874.00,vérifié,actuelle
2026-09-30T20:25+02:00,36758441070,Très bon état,noir,869.00,affiché,actuelle
2026-09-30T20:25+02:00,36758441070,Très bon état,sable,803.00,fiche,actuelle
2026-09-30T20:25+02:00,36758441070,Très bon état,sable,803.00,vérifié,actuelle
2026-09-30T20:25+02:00,36758441070,État correct,blanc,765.00,fiche,actuelle
2026-09-30T20:25+02:00,36758441070,État correct,noir,824.00,fiche,actuelle
2026-09-30T20:53+02:00,36761807256,Parfait état,blanc,881.00,affiché,actuelle
2026-09-30T20:53+02:00,36761807256,Parfait état,naturel,870.00,fiche,actuelle
2026-09-30T20:53+02:00,36761807256,Parfait état,naturel,870.00,vérifié,actuelle
2026-09-30T20:53+02:00,36761807256,Parfait état,noir,899.00,vérifié,actuelle
2026-09-30T20:53+02:00,36761807256,Parfait état,sable,861.00,affiché,actuelle
2026-09-30T20:53+02:00,36761807256,Très bon état,blanc,832.00,affiché,actuelle
2026-09-30T20:53+02:00,36761807256,Très bon état,naturel,874.00,vérifié,actuelle
2026-09-30T20:53+02:00,36761807256,Très bon état,noir,869.00,affiché,actuelle
2026-09-30T20:53+02:00,36761807256,Très bon état,sable,803.00,fiche,actuelle
2026-09-30T20:53+02:00,36761807256,Très bon état,sable,803.00,vérifié,actuelle
2026-09-30T20:53+02:00,36761807256,État correct,blanc,765.00,fiche,actuelle
2026-09-30T20:53+02:00,36761807256,État correct,noir,824.00,fiche,actuelle
2026-09-30T21:23+02:00,36765295599,Parfait état,blanc,881.00,affiché,actuelle
2026-09-30T21:23+02:00,36765295599,Parfait état,naturel,870.00,fiche,actuelle
2026-09-30T21:23+02:00,36765295599,Parfait état,naturel,870.00,vérifié,actuelle
2026-09-30T21:23+02:00,36765295599,Parfait état,noir,899.00,vérifié,actuelle
2026-09-30T21:23+02:00,36765295599,Parfait état,sable,861.00,affiché,actuelle
2026-09-30T21:23+02:00,36765295599,Très bon état,blanc,832.00,affiché,actuelle
2026-09-30T21:23+02:00,36765295599,Très bon état,naturel,874.00,vérifié,actuelle
2026-09-30T21:23+02:00,36765295599,Très bon état,noir,869.00,affiché,actuelle
2026-09-30T21:23+02:00,36765295599,Très bon état,sable,803.00,fiche,actuelle
2026-09-30T21:23+02:00,36765295599,Très bon état,sable,803.00,vérifié,actuelle
2026-09-30T21:23+02:00,36765295599,État correct,blanc,765.00,fiche,actuelle
2026-09-30T21:23+02:00,36765295599,État correct,noir,824.00,fiche,actuelle
2026-10-01T06:55+02:00,36817077556,Parfait état,blanc,827.00,affiché,actuelle
2026-10-01T06:55+02:00,36817077556,Parfait état,naturel,863.00,affiché,actuelle
2026-10-01T06:55+02:00,36817077556,Parfait état,noir,769.00,vérifié,actuelle
2026-10-01T06:55+02:00,36817077556,Parfait état,sable,841.00,affiché,actuelle
2026-10-01T06:55+02:00,36817077556,Très bon état,blanc,783.00,affiché,actuelle
2026-10-01T06:55+02:00,36817077556,Très bon état,naturel,869.00,vérifié,actuelle
2026-10-01T06:55+02:00,36817077556,Très bon état,noir,769.00,vérifié,actuelle
2026-10-01T06:55+02:00,36817077556,Très bon état,sable,787.00,fiche,actuelle
2026-10-01T06:55+02:00,36817077556,Très bon état,sable,787.00,vérifié,actuelle
2026-10-01T06:55+02:00,36817077556,État correct,blanc,760.00,fiche,actuelle
2026-10-01T06:55+02:00,36817077556,État correct,naturel,800.00,fiche,actuelle
2026-10-01T07:25+02:00,36819509560,Parfait état,blanc,827.00,affiché,actuelle
2026-10-01T07:25+02:00,36819509560,Parfait état,naturel,863.00,affiché,actuelle
2026-10-01T07:25+02:00,36819509560,Parfait état,noir,945.06,vérifié,actuelle
2026-10-01T07:25+02:00,36819509560,Parfait état,sable,841.00,affiché,actuelle
2026-10-01T07:25+02:00,36819509560,Très bon état,blanc,783.00,affiché,actuelle
2026-10-01T07:25+02:00,36819509560,Très bon état,naturel,869.00,vérifié,actuelle
2026-10-01T07:25+02:00,36819509560,Très bon état,noir,769.00,fiche,actuelle
2026-10-01T07:25+02:00,36819509560,Très bon état,noir,769.00,vérifié,actuelle
2026-10-01T07:25+02:00,36819509560,Très bon état,sable,787.00,fiche,actuelle
2026-10-01T07:25+02:00,36819509560,Très bon état,sable,787.00,vérifié,actuelle
2026-10-01T07:25+02:00,36819509560,État correct,blanc,760.00,fiche,actuelle
2026-10-01T07:25+02:00,36819509560,État correct,naturel,800.00,fiche,actuelle
2026-10-01T07:52+02:00,36821674666,Très bon état,noir,769.00,fiche,actuelle
2026-10-01T07:52+02:00,36821674666,Très bon état,noir,769.00,vérifié,actuelle
2026-10-01T07:52+02:00,36821674666,Très bon état,sable,787.00,fiche,actuelle
2026-10-01T07:52+02:00,36821674666,Très bon état,sable,787.00,vérifié,actuelle
2026-10-01T07:52+02:00,36821674666,État correct,blanc,760.00,fiche,actuelle
2026-10-01T07:52+02:00,36821674666,État correct,naturel,800.00,fiche,actuelle
2026-10-01T08:32+02:00,36825123002,Parfait état,blanc,831.00,affiché,actuelle
2026-10-01T08:32+02:00,36825123002,Parfait état,naturel,848.00,affiché,actuelle
2026-10-01T08:32+02:00,36825123002,Parfait état,noir,950.06,vérifié,actuelle
2026-10-01T08:32+02:00,36825123002,Parfait état,sable,844.00,affiché,actuelle
2026-10-01T08:32+02:00,36825123002,Très bon état,blanc,786.00,affiché,actuelle
2026-10-01T08:32+02:00,36825123002,Très bon état,naturel,878.00,vérifié,actuelle
2026-10-01T08:32+02:00,36825123002,Très bon état,noir,775.00,fiche,actuelle
2026-10-01T08:32+02:00,36825123002,Très bon état,noir,775.00,vérifié,actuelle
2026-10-01T08:32+02:00,36825123002,Très bon état,sable,791.00,fiche,actuelle
2026-10-01T08:32+02:00,36825123002,Très bon état,sable,791.00,vérifié,actuelle
2026-10-01T08:32+02:00,36825123002,État correct,blanc,769.00,fiche,actuelle
2026-10-01T08:32+02:00,36825123002,État correct,naturel,810.00,fiche,actuelle
2026-10-01T08:57+02:00,36827394221,Parfait état,blanc,831.00,affiché,actuelle
2026-10-01T08:57+02:00,36827394221,Parfait état,naturel,848.00,affiché,actuelle
2026-10-01T08:57+02:00,36827394221,Parfait état,noir,950.06,vérifié,actuelle
2026-10-01T08:57+02:00,36827394221,Parfait état,sable,844.00,affiché,actuelle
2026-10-01T08:57+02:00,36827394221,Très bon état,blanc,786.00,affiché,actuelle
2026-10-01T08:57+02:00,36827394221,Très bon état,naturel,878.00,vérifié,actuelle
2026-10-01T08:57+02:00,36827394221,Très bon état,noir,775.00,fiche,actuelle
2026-10-01T08:57+02:00,36827394221,Très bon état,noir,775.00,vérifié,actuelle
2026-10-01T08:57+02:00,36827394221,Très bon état,sable,791.00,fiche,actuelle
2026-10-01T08:57+02:00,36827394221,Très bon état,sable,791.00,vérifié,actuelle
2026-10-01T08:57+02:00,36827394221,État correct,blanc,769.00,fiche,actuelle
2026-10-01T08:57+02:00,36827394221,État correct,naturel,810.00,fiche,actuelle
2026-10-01T09:27+02:00,36830242692,Parfait état,blanc,831.00,affiché,actuelle
2026-10-01T09:27+02:00,36830242692,Parfait état,naturel,848.00,affiché,actuelle
2026-10-01T09:27+02:00,36830242692,Parfait état,noir,950.06,vérifié,actuelle
2026-10-01T09:27+02:00,36830242692,Parfait état,sable,844.00,affiché,actuelle
2026-10-01T09:27+02:00,36830242692,Très bon état,blanc,786.00,affiché,actuelle
2026-10-01T09:27+02:00,36830242692,Très bon état,naturel,878.00,vérifié,actuelle
2026-10-01T09:27+02:00,36830242692,Très bon état,noir,775.00,fiche,actuelle
2026-10-01T09:27+02:00,36830242692,Très bon état,noir,775.00,vérifié,actuelle
2026-10-01T09:27+02:00,36830242692,Très bon état,sable,791.00,fiche,actuelle
2026-10-01T09:27+02:00,36830242692,Très bon état,sable,791.00,vérifié,actuelle
2026-10-01T09:27+02:00,36830242692,État correct,blanc,769.00,fiche,actuelle
2026-10-01T09:27+02:00,36830242692,État correct,naturel,810.00,fiche,actuelle
2026-10-01T09:52+02:00,36832669147,Parfait état,blanc,831.00,affiché,actuelle
2026-10-01T09:52+02:00,36832669147,Parfait état,naturel,848.00,affiché,actuelle
2026-10-01T09:52+02:00,36832669147,Parfait état,noir,950.06,vérifié,actuelle
2026-10-01T09:52+02:00,36832669147,Parfait état,sable,844.00,affiché,actuelle
2026-10-01T09:52+02:00,36832669147,Très bon état,blanc,786.00,affiché,actuelle
2026-10-01T09:52+02:00,36832669147,Très bon état,naturel,878.00,vérifié,actuelle
2026-10-01T09:52+02:00,36832669147,Très bon état,noir,875.00,affiché,actuelle
2026-10-01T09:52+02:00,36832669147,Très bon état,sable,791.00,fiche,actuelle
2026-10-01T09:52+02:00,36832669147,Très bon état,sable,791.00,vérifié,actuelle
2026-10-01T09:52+02:00,36832669147,État correct,blanc,769.00,fiche,actuelle
2026-10-01T09:52+02:00,36832669147,État correct,naturel,810.00,fiche,actuelle
2026-10-01T09:52+02:00,36832669147,État correct,noir,833.00,fiche,actuelle
2026-10-01T10:28+02:00,36836319835,Parfait état,blanc,831.00,affiché,actuelle
2026-10-01T10:28+02:00,36836319835,Parfait état,naturel,855.00,affiché,actuelle
2026-10-01T10:28+02:00,36836319835,Parfait état,noir,924.00,vérifié,actuelle
2026-10-01T10:28+02:00,36836319835,Parfait état,sable,844.00,affiché,actuelle
2026-10-01T10:28+02:00,36836319835,Très bon état,blanc,786.00,affiché,actuelle
2026-10-01T10:28+02:00,36836319835,Très bon état,naturel,878.00,vérifié,actuelle
2026-10-01T10:28+02:00,36836319835,Très bon état,noir,875.00,affiché,actuelle
2026-10-01T10:28+02:00,36836319835,Très bon état,sable,791.00,fiche,actuelle
2026-10-01T10:28+02:00,36836319835,Très bon état,sable,791.00,vérifié,actuelle
2026-10-01T10:28+02:00,36836319835,État correct,blanc,749.00,fiche,actuelle
2026-10-01T10:28+02:00,36836319835,État correct,naturel,810.00,fiche,actuelle
2026-10-01T10:28+02:00,36836319835,État correct,noir,819.00,fiche,actuelle
2026-10-01T10:54+02:00,36838992560,Parfait état,blanc,831.00,affiché,actuelle
2026-10-01T10:54+02:00,36838992560,Parfait état,naturel,855.00,affiché,actuelle
2026-10-01T10:54+02:00,36838992560,Parfait état,noir,950.06,vérifié,actuelle
2026-10-01T10:54+02:00,36838992560,Parfait état,sable,844.00,affiché,actuelle
2026-10-01T10:54+02:00,36838992560,Très bon état,blanc,786.00,affiché,actuelle
2026-10-01T10:54+02:00,36838992560,Très bon état,naturel,878.00,affiché,actuelle
2026-10-01T10:54+02:00,36838992560,Très bon état,noir,875.00,vérifié,actuelle
2026-10-01T10:54+02:00,36838992560,Très bon état,sable,776.00,fiche,actuelle
2026-10-01T10:54+02:00,36838992560,Très bon état,sable,776.00,vérifié,actuelle
2026-10-01T10:54+02:00,36838992560,État correct,naturel,810.00,fiche,actuelle
2026-10-01T10:54+02:00,36838992560,État correct,noir,833.00,fiche,actuelle
2026-10-01T11:27+02:00,36842599470,Parfait état,blanc,831.00,affiché,actuelle
2026-10-01T11:27+02:00,36842599470,Parfait état,naturel,855.00,affiché,actuelle
2026-10-01T11:27+02:00,36842599470,Parfait état,noir,950.06,vérifié,actuelle
2026-10-01T11:27+02:00,36842599470,Parfait état,sable,844.00,affiché,actuelle
2026-10-01T11:27+02:00,36842599470,Très bon état,blanc,786.00,affiché,actuelle
2026-10-01T11:27+02:00,36842599470,Très bon état,naturel,878.00,vérifié,actuelle
2026-10-01T11:27+02:00,36842599470,Très bon état,noir,758.00,fiche,actuelle
2026-10-01T11:27+02:00,36842599470,Très bon état,noir,758.00,vérifié,actuelle
2026-10-01T11:27+02:00,36842599470,Très bon état,sable,776.00,fiche,actuelle
2026-10-01T11:27+02:00,36842599470,Très bon état,sable,776.00,vérifié,actuelle
2026-10-01T11:27+02:00,36842599470,État correct,blanc,749.00,fiche,actuelle
2026-10-01T11:27+02:00,36842599470,État correct,naturel,810.00,fiche,actuelle
2026-10-01T11:53+02:00,36845421583,Parfait état,blanc,831.00,affiché,actuelle
2026-10-01T11:53+02:00,36845421583,Parfait état,naturel,855.00,affiché,actuelle
2026-10-01T11:53+02:00,36845421583,Parfait état,noir,950.06,vérifié,actuelle
2026-10-01T11:53+02:00,36845421583,Parfait état,sable,844.00,affiché,actuelle
2026-10-01T11:53+02:00,36845421583,Très bon état,blanc,786.00,affiché,actuelle
2026-10-01T11:53+02:00,36845421583,Très bon état,naturel,878.00,affiché,actuelle
2026-10-01T11:53+02:00,36845421583,Très bon état,noir,875.00,vérifié,actuelle
2026-10-01T11:53+02:00,36845421583,Très bon état,sable,776.00,fiche,actuelle
2026-10-01T11:53+02:00,36845421583,Très bon état,sable,776.00,vérifié,actuelle
2026-10-01T11:53+02:00,36845421583,État correct,naturel,810.00,fiche,actuelle
2026-10-01T11:53+02:00,36845421583,État correct,noir,829.00,fiche,actuelle
2026-10-01T12:27+02:00,36848969447,Parfait état,blanc,829.00,affiché,actuelle
2026-10-01T12:27+02:00,36848969447,Parfait état,naturel,853.00,affiché,actuelle
2026-10-01T12:27+02:00,36848969447,Parfait état,noir,947.06,vérifié,actuelle
2026-10-01T12:27+02:00,36848969447,Parfait état,sable,843.00,affiché,actuelle
2026-10-01T12:27+02:00,36848969447,Très bon état,blanc,784.00,affiché,actuelle
2026-10-01T12:27+02:00,36848969447,Très bon état,naturel,874.00,vérifié,actuelle
2026-10-01T12:27+02:00,36848969447,Très bon état,noir,756.00,fiche,actuelle
2026-10-01T12:27+02:00,36848969447,Très bon état,noir,756.00,vérifié,actuelle
2026-10-01T12:27+02:00,36848969447,Très bon état,sable,789.00,fiche,actuelle
2026-10-01T12:27+02:00,36848969447,Très bon état,sable,789.00,vérifié,actuelle
2026-10-01T12:27+02:00,36848969447,État correct,blanc,745.00,fiche,actuelle
2026-10-01T12:27+02:00,36848969447,État correct,naturel,805.00,fiche,actuelle
2026-10-01T12:53+02:00,36851645087,Parfait état,blanc,829.00,affiché,actuelle
2026-10-01T12:53+02:00,36851645087,Parfait état,naturel,853.00,affiché,actuelle
2026-10-01T12:53+02:00,36851645087,Parfait état,noir,947.06,vérifié,actuelle
2026-10-01T12:53+02:00,36851645087,Parfait état,sable,843.00,affiché,actuelle
2026-10-01T12:53+02:00,36851645087,Très bon état,blanc,832.00,affiché,actuelle
2026-10-01T12:53+02:00,36851645087,Très bon état,naturel,874.00,affiché,actuelle
2026-10-01T12:53+02:00,36851645087,Très bon état,noir,872.00,vérifié,actuelle
2026-10-01T12:53+02:00,36851645087,Très bon état,sable,789.00,fiche,actuelle
2026-10-01T12:53+02:00,36851645087,Très bon état,sable,789.00,vérifié,actuelle
2026-10-01T12:53+02:00,36851645087,État correct,naturel,805.00,fiche,actuelle
2026-10-01T12:53+02:00,36851645087,État correct,noir,824.00,fiche,actuelle
2026-10-01T13:25+02:00,36855045268,Parfait état,blanc,829.00,affiché,actuelle
2026-10-01T13:25+02:00,36855045268,Parfait état,naturel,853.00,affiché,actuelle
2026-10-01T13:25+02:00,36855045268,Parfait état,noir,947.06,vérifié,actuelle
2026-10-01T13:25+02:00,36855045268,Parfait état,sable,826.00,affiché,actuelle
2026-10-01T13:25+02:00,36855045268,Très bon état,blanc,806.00,affiché,actuelle
2026-10-01T13:25+02:00,36855045268,Très bon état,naturel,874.00,affiché,actuelle
2026-10-01T13:25+02:00,36855045268,Très bon état,noir,872.00,vérifié,actuelle
2026-10-01T13:25+02:00,36855045268,Très bon état,sable,789.00,fiche,actuelle
2026-10-01T13:25+02:00,36855045268,Très bon état,sable,789.00,vérifié,actuelle
2026-10-01T13:25+02:00,36855045268,État correct,blanc,745.00,fiche,actuelle
2026-10-01T13:25+02:00,36855045268,État correct,naturel,805.00,fiche,actuelle
2026-10-01T13:25+02:00,36855045268,État correct,noir,824.00,fiche,actuelle
2026-10-01T13:53+02:00,36857946340,Parfait état,blanc,829.00,affiché,actuelle
2026-10-01T13:53+02:00,36857946340,Parfait état,naturel,853.00,affiché,actuelle
2026-10-01T13:53+02:00,36857946340,Parfait état,noir,947.06,vérifié,actuelle
2026-10-01T13:53+02:00,36857946340,Parfait état,sable,826.00,affiché,actuelle
2026-10-01T13:53+02:00,36857946340,Très bon état,blanc,784.00,affiché,actuelle
2026-10-01T13:53+02:00,36857946340,Très bon état,naturel,874.00,affiché,actuelle
2026-10-01T13:53+02:00,36857946340,Très bon état,noir,872.00,vérifié,actuelle
2026-10-01T13:53+02:00,36857946340,Très bon état,sable,789.00,fiche,actuelle
2026-10-01T13:53+02:00,36857946340,Très bon état,sable,789.00,vérifié,actuelle
2026-10-01T13:53+02:00,36857946340,État correct,blanc,745.00,fiche,actuelle
2026-10-01T13:53+02:00,36857946340,État correct,naturel,805.00,fiche,actuelle
2026-10-01T13:53+02:00,36857946340,État correct,noir,824.00,fiche,actuelle
2026-10-01T14:32+02:00,36862165258,Parfait état,blanc,829.00,affiché,actuelle
2026-10-01T14:32+02:00,36862165258,Parfait état,naturel,853.00,affiché,actuelle
2026-10-01T14:32+02:00,36862165258,Parfait état,noir,947.06,affiché,actuelle
2026-10-01T14:32+02:00,36862165258,Parfait état,sable,826.00,vérifié,actuelle
2026-10-01T14:32+02:00,36862165258,Très bon état,blanc,784.00,affiché,actuelle
2026-10-01T14:32+02:00,36862165258,Très bon état,naturel,874.00,affiché,actuelle
2026-10-01T14:32+02:00,36862165258,Très bon état,noir,872.00,vérifié,actuelle
2026-10-01T14:32+02:00,36862165258,Très bon état,sable,789.00,fiche,actuelle
2026-10-01T14:32+02:00,36862165258,Très bon état,sable,789.00,vérifié,actuelle
2026-10-01T14:32+02:00,36862165258,État correct,naturel,805.00,fiche,actuelle
2026-10-01T14:32+02:00,36862165258,État correct,noir,824.00,fiche,actuelle
